Title, Merchant, Price 
Red Dead Redemption 2, Gamivo, 48.07€ 
Call of Duty Modern Warfare, Gamesplanet, 52.99€ 
Football Manager 2020, HRK Game, 31.85€ 
FIFA 20, HRK Game, 42.55€ 
Windows 10 Professional, Software-codes, 2.93€ 
Planet Zoo, Gamivo, 38.79€ 
Battlefield 5, Gamivo, 18.73€ 
GTA 5, Gamivo, 10.66€ 
Need for Speed Heat, HRK Game, 41.46€ 
Borderlands 3, HRK Game, 37.38€ 
Star Wars Jedi Fallen Order, Eneba, 42.66€ 
The Outer Worlds, Gamivo, 39.65€ 
Escape from Tarkov, Gamivo, 34.91€ 
Rainbow Six Siege, 2Game, 6.29€ 
Minecraft, Eneba, 1.24€ 
Diablo 3, HRK Game, 10.88€ 
Microsoft Office 2019 Professional Plus, Software-codes, 7.86€ 
Overwatch, Gamivo, 13.46€ 
PES 2020, HRK Game, 24.48€ 
Forza Horizon 4 Xbox One, BuyGames, 22.94€ 
F1 2019, HRK Game, 28.60€ 
WoW Battle for Azeroth Expansion, HRK Game, 24.21€ 
Tom Clancy's Ghost Recon Breakpoint, HRK Game, 33.93€ 
Destiny 2 Shadowkeep, Gamivo, 30.00€ 
Monster Hunter World, HRK Game, 17.82€ 
